,A,I,R,L,N,K,D,M,B,F,C,P,Q,S,E,T,Z,W,G,Y,H,V
A,0,2,2,2,2,2,1,2,1,2,2,2,2,1,1,2,1,2,1,2,2,1
I,2,0,1,1,1,1,2,1,1,1,2,2,2,1,2,1,2,3,2,2,2,1
R,2,1,0,1,2,1,2,1,2,2,1,1,1,1,2,1,1,1,1,2,1,2
L,2,1,1,0,2,2,2,1,2,1,2,1,1,1,2,1,1,1,2,2,1,1
N,2,1,2,2,0,1,1,2,0,2,2,2,2,1,2,2,2,3,2,1,1,2
K,2,1,1,2,1,0,2,1,1,3,3,1,1,2,1,1,1,2,2,2,2,2
D,1,2,2,2,1,2,0,3,0,2,2,2,2,2,1,3,1,3,1,1,1,1
M,2,1,1,1,2,1,3,0,2,2,3,2,2,2,2,0,2,2,2,3,3,1
B,1,1,2,2,0,1,0,2,0,2,2,2,2,1,1,2,1,3,1,1,1,1
F,2,1,2,1,2,3,2,2,2,0,1,2,3,1,3,2,3,2,2,1,2,1
C,2,2,1,2,2,3,2,3,2,1,0,1,3,1,3,3,3,1,1,1,2,2
P,2,2,1,1,2,1,2,2,2,2,1,0,1,1,1,2,1,1,1,1,2,2
Q,2,2,1,1,2,1,2,2,2,3,3,1,0,2,1,2,0,2,2,2,1,2
S,1,1,1,1,1,2,2,2,1,1,1,1,2,0,2,2,2,1,1,1,2,2
E,1,2,2,2,2,1,1,2,1,3,3,1,1,2,0,2,0,2,1,2,2,1
T,2,1,1,1,2,1,3,0,2,2,3,2,2,2,2,0,2,2,2,3,3,1
Z,1,2,1,1,2,1,1,2,1,3,3,1,0,2,0,2,0,2,1,2,1,1
W,2,3,1,1,3,2,3,2,3,2,1,1,2,1,2,2,2,0,1,2,3,2
G,1,2,1,2,2,2,1,2,1,2,1,1,2,1,1,2,1,1,0,2,2,1
Y,2,2,2,2,1,2,1,3,1,1,1,1,2,1,2,3,2,2,2,0,1,2
H,2,2,1,1,1,2,1,3,1,2,2,2,1,2,2,3,1,3,2,1,0,2
V,1,1,2,1,2,2,1,1,1,1,2,2,2,2,1,1,1,2,1,2,2,0
